{
    "epoch": 1746716866,
    "P_inst.LTE_en_KW": 283.27227783203125,
    "Puissance_integre_LTE": 242.57061767578125,
    "Battery_SOC": 67.19999694824219,
    "Battery_WSet": 65.13577270507812,
    "BcpLonNetwork.S16E_L116_V_E.EngyPosSum": 312.8000183105469,
    "BcpLonNetwork.S16E_L116_V_E.PowerSum": 0.0,
    "BcpLonNetwork.S16E_L116_V_E.PowerFactorAvg": 0.9998477697372437,
    "BcpLonNetwork.L230_SE1_SE.EngyPosSum": 16010.6005859375,
    "BcpLonNetwork.L230_SE1_SE.PowerSum": 0.0,
    "BcpLonNetwork.L230_SE1_SE.PowerFactorAvg": 0.9998477697372437,
    "PMA_ajuste_Bacnet": 416.4100036621094,
    "C_RATE_Bacnet": 34.33000183105469,
    "PMA_cible_CALENDRIER_prog": 200.0034942626953,
    "PMA_AJUSTE_prog": 245.97056579589844,
    "PMA_C_RATE_prog": 50.0,
    "BcpLonNetwork.Syst13_E2.EngyPosSum": 0.0,
    "BcpLonNetwork.Syst13_E2.PowerFactorAvg": 1.0,
    "BcpLonNetwork.Syst13_E2.PowerSum": 0.0,
    "BcpLonNetwork.L230_SE2_SE.EngyPosSum": 152.6999969482422,
    "BcpLonNetwork.L230_SE2_SE.PowerSum": 0.0,
    "BcpLonNetwork.L230_SE2_SE.PowerFactorAvg": 0.9998477697372437,
    "BcpLonNetwork.S4E2_L120_V_E.EngyPosSum": 6812.89990234375,
    "BcpLonNetwork.S4E2_L120_V_E.PowerSum": 261.8563537597656,
    "BcpLonNetwork.S4E2_L120_V_E.PowerFactorAvg": 0.8803689479827881,
    "BcpLonNetwork.S14E_L134_V_E.EngyPosSum": 30206.400390625,
    "BcpLonNetwork.S14E_L134_V_E.PowerSum": -0.581200897693634,
    "BcpLonNetwork.S14E_L134_V_E.PowerFactorAvg": 0.6607476472854614,
    "BcpLonNetwork.S12E1_L138_V_E.EngyPosSum": 2625.900146484375,
    "BcpLonNetwork.S12E1_L138_V_E.PowerSum": 128.90248107910156,
    "BcpLonNetwork.S12E1_L138_V_E.PowerFactorAvg": 0.9403156042098999,
    "BcpLonNetwork.L111_119_CP.EngyPosSum": 62056.19921875,
    "BcpLonNetwork.L111_119_CP.PowerSum": -7.169553279876709,
    "BcpLonNetwork.L111_119_CP.PowerFactorAvg": -1.0,
    "BcpLonNetwork.L120_CP.EngyPosSum": 171326.0,
    "BcpLonNetwork.L120_CP.PowerSum": 10.473280906677246,
    "BcpLonNetwork.L120_CP.PowerFactorAvg": 0.8292126059532166,
    "BcpLonNetwork.L128_SE10_SE.EngyPosSum": 98092.203125,
    "BcpLonNetwork.L128_SE10_SE.PowerSum": 8300.169921875,
    "BcpLonNetwork.L128_SE10_SE.PowerFactorAvg": 0.9986803531646729,
    "BcpLonNetwork.L112A_113_CP.EngyPosSum": 31184.201171875,
    "BcpLonNetwork.L112A_113_CP.PowerSum": -32.610191345214844,
    "BcpLonNetwork.L112A_113_CP.PowerFactorAvg": -1.0,
    "BcpLonNetwork.L136_NI.EngyPosSum": 37808.5,
    "BcpLonNetwork.L136_NI.PowerSum": 596.9038696289062,
    "BcpLonNetwork.L136_NI.PowerFactorAvg": 0.9998857975006104,
    "BcpLonNetwork.L101_CP.EngyPosSum": 32847.1015625,
    "BcpLonNetwork.L101_CP.PowerSum": 0.0,
    "BcpLonNetwork.L101_CP.PowerFactorAvg": 1.0,
    "BcpLonNetwork.L107_L109_ESCPRINC_CP.EngyPosSum": 114793.203125,
    "BcpLonNetwork.L107_L109_ESCPRINC_CP.PowerSum": 1042.2884521484375,
    "BcpLonNetwork.L113_ECS3_CP_L112A_113_CP.EngyPosSum": 12421.5,
    "BcpLonNetwork.L113_ECS3_CP_L112A_113_CP.PowerSum": 0.0,
    "BcpLonNetwork.L113_ECS3_CP_L112A_113_CP.PowerFactorAvg": 0.0,
    "BcpLonNetwork.L110B_SE11_SE.EngyPosSum": 1589.5999755859375,
    "BcpLonNetwork.L110B_SE11_SE.PowerSum": 0.09239387512207031,
    "BcpLonNetwork.L110B_SE11_SE.PowerFactorAvg": 0.003141075139865279,
    "BcpLonNetwork.L121_132_AER_SE.EngyPosSum": 61330.1015625,
    "BcpLonNetwork.L121_132_AER_SE.PowerSum": 9.111429214477539,
    "BcpLonNetwork.L121_132_AER_SE.PowerFactorAvg": 0.18356607854366302,
    "BcpLonNetwork.L125_126_CP.EngyPosSum": 174788.796875,
    "BcpLonNetwork.L125_126_CP.PowerSum": 4085.650634765625,
    "BcpLonNetwork.L125_126_CP.PowerFactorAvg": 0.9989849328994751,
    "BcpLonNetwork.L132A_CP.EngyPosSum": 62831.90234375,
    "BcpLonNetwork.L132A_CP.PowerSum": 1924.6124267578125,
    "BcpLonNetwork.L132A_CP.PowerFactorAvg": 0.9997268319129944,
    "BcpLonNetwork.L105_108B_CP.EngyPosSum": 35445.40234375,
    "BcpLonNetwork.L105_108B_CP.PowerSum": 0.0,
    "BcpLonNetwork.L105_108B_CP.PowerFactorAvg": 1.0,
    "BcpLonNetwork.L118B_CP.EngyPosSum": 40182.5,
    "BcpLonNetwork.L118B_CP.PowerSum": 0.0,
    "BcpLonNetwork.L118B_CP.PowerFactorAvg": 1.0,
    "BcpLonNetwork.L102_103_ESC2_CP.EngyPosSum": 56837.1015625,
    "BcpLonNetwork.L102_103_ESC2_CP.PowerSum": 0.0,
    "BcpLonNetwork.L102_103_ESC2_CP.PowerFactorAvg": 1.0,
    "BcpLonNetwork.L116_117B_CP.EngyPosSum": 14244.5,
    "BcpLonNetwork.L116_117B_CP.PowerSum": 10.502949714660645,
    "BcpLonNetwork.L116_117B_CP.PowerFactorAvg": 0.8002268075942993,
    "BcpLonNetwork.L108A_108D_CP.EngyPosSum": 17712.400390625,
    "BcpLonNetwork.L108A_108D_CP.PowerSum": 0.0,
    "BcpLonNetwork.L108A_108D_CP.PowerFactorAvg": 1.0,
    "BcpLonNetwork.S4E3_L126_V_E.EngyPosSum": 1332.300048828125,
    "BcpLonNetwork.S4E3_L126_V_E.PowerSum": 4.826830863952637,
    "BcpLonNetwork.S4E3_L126_V_E.PowerFactorAvg": 0.5689350366592407,
    "BcpLonNetwork.L206C_D_E_SE18_17_13_SE.EngyPosSum": 9.100000381469727,
    "BcpLonNetwork.L206C_D_E_SE18_17_13_SE.PowerSum": 0.0,
    "BcpLonNetwork.L206C_D_E_SE18_17_13_SE.PowerFactorAvg": 1.0,
    "BcpLonNetwork.L110F_128A_129_130_141_ESC4_SE23_24_CP.EngyPosSum": 205.60000610351562,
    "BcpLonNetwork.L110F_128A_129_130_141_ESC4_SE23_24_CP.PowerSum": 3.919379234313965,
    "BcpLonNetwork.L110F_128A_129_130_141_ESC4_SE23_24_CP.PowerFactorAvg": 0.42625680565834045,
    "BcpLonNetwork.L224_S11E_V_E.EngyPosSum": 168580.5,
    "BcpLonNetwork.L224_S11E_V_E.PowerSum": 0.0,
    "BcpLonNetwork.L224_S11E_V_E.PowerFactorAvg": 0.9998477697372437,
    "BcpLonNetwork.L225_S10E_V_E.EngyPosSum": 1.3000000715255737,
    "BcpLonNetwork.L225_S10E_V_E.PowerSum": 0.0,
    "BcpLonNetwork.L225_S10E_V_E.PowerFactorAvg": 1.0,
    "BcpLonNetwork.S3E1_V_E.EngyPosSum": 55368.30078125,
    "BcpLonNetwork.S3E1_V_E.PowerSum": 557.2861328125,
    "BcpLonNetwork.S3E1_V_E.PowerFactorAvg": 0.6074079871177673,
    "BcpLonNetwork.S3E2_V_E.EngyPosSum": 45036.19921875,
    "BcpLonNetwork.S3E2_V_E.PowerSum": 459.66326904296875,
    "BcpLonNetwork.S3E2_V_E.PowerFactorAvg": 0.5291440486907959,
    "BcpLonNetwork.S3E3_V_E.EngyPosSum": 65718.703125,
    "BcpLonNetwork.S3E3_V_E.PowerSum": 807.2896728515625,
    "BcpLonNetwork.S3E3_V_E.PowerFactorAvg": 0.7864128351211548,
    "BcpLonNetwork.S3E8_V_E.EngyPosSum": 22.200000762939453,
    "BcpLonNetwork.S3E8_V_E.PowerSum": 0.0,
    "BcpLonNetwork.S3E8_V_E.PowerFactorAvg": 1.0,
    "BcpLonNetwork.S3E_V_E.EngyPosSum": 24438.701171875,
    "BcpLonNetwork.S3E_V_E.PowerSum": 314.9036560058594,
    "BcpLonNetwork.S3E_V_E.PowerFactorAvg": 0.974751889705658,
    "BcpLonNetwork.S2_HUM.EngyPosSum": 94723.3046875,
    "BcpLonNetwork.S2_HUM.PowerSum": 0.0,
    "BcpLonNetwork.S2_HUM.PowerFactorAvg": 1.0,
    "BcpLonNetwork.S1_HUM.EngyPosSum": 251625.5,
    "BcpLonNetwork.S1_HUM.PowerSum": 0.0,
    "BcpLonNetwork.S1_HUM.PowerFactorAvg": 1.0,
    "BcpLonNetwork.L206B_SE14_1_SE.EngyPosSum": 96574.3984375,
    "BcpLonNetwork.L206B_SE14_1_SE.PowerSum": 1303.9697265625,
    "BcpLonNetwork.L206B_SE14_1_SE.PowerFactorAvg": 0.9991238713264465,
    "BcpLonNetwork.L206A_SE14_2_SE.EngyPosSum": 16532.701171875,
    "BcpLonNetwork.L206A_SE14_2_SE.PowerSum": 13.276902198791504,
    "BcpLonNetwork.L206A_SE14_2_SE.PowerFactorAvg": 0.5385765433311462,
    "BcpLonNetwork.L201A_CCT7_CP.EngyPosSum": 41936.69921875,
    "BcpLonNetwork.L201A_CCT7_CP.PowerSum": 0.0,
    "BcpLonNetwork.L201A_CCT7_CP.PowerFactorAvg": 1.0,
    "BcpLonNetwork.L201A_CCT9_CP.EngyPosSum": 40470.30078125,
    "BcpLonNetwork.L201A_CCT9_CP.PowerSum": 0.0,
    "BcpLonNetwork.L201A_CCT9_CP.PowerFactorAvg": 1.0,
    "BcpLonNetwork.L207_208_213_221_222_ESC3_CP.EngyPosSum": 3817.400146484375,
    "BcpLonNetwork.L207_208_213_221_222_ESC3_CP.PowerSum": 0.0,
    "BcpLonNetwork.L207_208_213_221_222_ESC3_CP.PowerFactorAvg": 1.0,
    "BcpLonNetwork.L227_235_236_ESC4_CP.EngyPosSum": 42733.69921875,
    "BcpLonNetwork.L227_235_236_ESC4_CP.PowerSum": 0.0,
    "BcpLonNetwork.L227_235_236_ESC4_CP.PowerFactorAvg": 1.0,