{
    "epoch": 1746716861,
    "SP_REF_CAL": 55.0,
    "Temp_Max_Ref": 55.0,
    "M/A Hydra": 1,
    "SP_POW_REF": 2080,
    "FIT-02": 5.73,
    "FIT-01": 3.39,
    "TE16 Ret panneau": 8.4,
    "TE17 Alm panneau": 7.3,
    "TE18 Sort rés P": 7.3,
    "TE19 Ent rés P": 8.4,
    "TE20 Haut réserv": 7.8,
    "TE21 Mil réserv": 7.7,
    "TE22 Bas réserv": 7.7,
    "TE23 Sort rés R": 8.6,
    "TE24 Ent rés R": 7.7,
    "TE25 Ent ref": 8.0,
    "TE26 Sort ref": 7.9,
    "PT01 Sor cir pan": 11.45,
    "PT02 Ent cir pan": 9.97,
    "PT03 Ent cir ref": 9.96,
    "PT04 Sor cir ref": 14.1,
    "AV_P_T_Pan": 0.0,
    "AV_P_T_Ref": 0.0,
    "SP_REF_MAX": 55.0,
    "SP_REF_MIN": 200.0,
    "IN_PID_REF": 64.48,
    "Start Hydra": 1,
    "M/A P1": 1,
    "M/A P2": 1,
    "ST_P1": 0,
    "ST_P2": 1,
    "P_Panneau": 8.447100219726563,
    "P_Refroidisseur": 12.04260009765625,
    "T moy sor pan": 0.09430000305175781,
    "CKWh_refroidiss": 8401.04,
    "CKWh_par depart": 0.0,
    "PKWh_Panneau": 6058.67,
    "PKWh_par depart": 6.42,
    "TE4 Sortie B2": 10.4,
    "TE9 Sortie B9": 9.5,
    "TE14 Sortie B18": 8.4,
    "TE5 Entrée B2": 7.9,
    "TE10 Entrée B9": 7.8,
    "TE15 Entrée B18": 7.6,
    "Pyranomètre": 102.15,
    "TE02 Sor B1/B6": 8.2,
    "TE07 Sor B7/B12": 8.2,
    "TE12 Sor B13/B18": 8.0,
    "Puissance Ond": 16.64,
    "Puissance Hydra": -0.31,
    "Puissance P1": -0.26,
    "Puissance P2": -0.41011001586914064
}